label,x0,y0,z0,x1,y1,z1,x2,y2,z2,x3,y3,z3,x4,y4,z4,x5,y5,z5,x6,y6,z6,x7,y7,z7,x8,y8,z8,x9,y9,z9,x10,y10,z10,x11,y11,z11,x12,y12,z12,x13,y13,z13,x14,y14,z14,x15,y15,z15,x16,y16,z16,x17,y17,z17,x18,y18,z18,x19,y19,z19,x20,y20,z20
S,0.38455164432525635,0.7435218095779419,-1.4902203702149563e-06,0.2588726282119751,0.5993232727050781,-0.015177049674093723,0.21802115440368652,0.3864958882331848,-0.011061967350542545,0.22911882400512695,0.2198813408613205,-0.018531616777181625,0.2112220972776413,0.09324342012405396,-0.013262530788779259,0.3318290710449219,0.26240116357803345,0.06070709228515625,0.27787724137306213,0.14916330575942993,-0.006080870050936937,0.27105987071990967,0.30427420139312744,-0.034641802310943604,0.29542940855026245,0.36187902092933655,-0.04016852006316185,0.39863815903663635,0.282802939414978,0.04394133761525154,0.3387395143508911,0.1798694133758545,-0.027987873181700706,0.32462823390960693,0.3622182607650757,-0.02985355257987976,0.3646024465560913,0.3865005075931549,-0.007852436043322086,0.47262924909591675,0.31627681851387024,0.01061774231493473,0.4119519591331482,0.21708519756793976,-0.06263737380504608,0.39110368490219116,0.39345651865005493,-0.027776794508099556,0.43199554085731506,0.42010554671287537,0.018749773502349854,0.5547301769256592,0.36138519644737244,-0.026626886799931526,0.5060312151908875,0.2744482457637787,-0.06142675131559372,0.4743572771549225,0.38806697726249695,-0.03126740828156471,0.5039047002792358,0.4218072295188904,0.004449189640581608
A,0.49690064787864685,0.6959582567214966,-1.2944683476234786e-06,0.37152397632598877,0.5976799726486206,-0.01853073574602604,0.3198457658290863,0.41238531470298767,-0.01299368217587471,0.32872968912124634,0.2634817063808441,-0.01462913490831852,0.32024747133255005,0.16844309866428375,-0.006343740038573742,0.4025695323944092,0.30172279477119446,0.04693601652979851,0.37999778985977173,0.1958136111497879,-0.006643693894147873,0.38108766078948975,0.3241622745990753,-0.03193141520023346,0.39343777298927307,0.38150426745414734,-0.03840162232518196,0.4736119210720062,0.3054962754249573,0.034536343067884445,0.449750691652298,0.19614620506763458,-0.01863747090101242,0.4390658736228943,0.3533502221107483,-0.024042442440986633,0.4577201306819916,0.3870086967945099,-0.008711399510502815,0.5480766892433167,0.3284619450569153,0.008797903545200825,0.523103654384613,0.2177615612745285,-0.04695069044828415,0.5055660009384155,0.37265536189079285,-0.018303660675883293,0.5257822275161743,0.40861964225769043,0.019368983805179596,0.6283769607543945,0.36694079637527466,-0.020573006942868233,0.5953542590141296,0.2912698984146118,-0.04757124185562134,0.5701444745063782,0.3956034183502197,-0.019574569538235664,0.5850504636764526,0.4297662675380707,0.011957219801843166
B,0.4805114269256592,0.9743903875350952,5.744369673266192e-07,0.3879995346069336,0.9009495973587036,-0.01880250871181488,0.3388197720050812,0.7713664770126343,-0.0226595401763916,0.3677560091018677,0.6580325365066528,-0.02986311726272106,0.426931768655777,0.6137665510177612,-0.035460058599710464,0.37981754541397095,0.562893807888031,0.033650338649749756,0.37818413972854614,0.41829490661621094,0.024642422795295715,0.3840767741203308,0.3330381512641907,0.0028850992675870657,0.39112359285354614,0.253853976726532,-0.01821432262659073,0.4362824559211731,0.5517951250076294,0.02134673297405243,0.43143898248672485,0.3868371844291687,0.017398210242390633,0.43105483055114746,0.29019397497177124,-0.002786775352433324,0.429042249917984,0.20220431685447693,-0.021499451249837875,0.4864842891693115,0.5740315914154053,0.0017278108280152082,0.4822142720222473,0.4245726466178894,-0.0044102780520915985,0.47644343972206116,0.33678773045539856,-0.015528412535786629,0.47102856636047363,0.26057204604148865,-0.027860339730978012,0.5460604429244995,0.6236497759819031,-0.023104408755898476,0.5470629334449768,0.5062615871429443,-0.02878975309431553,0.5448399186134338,0.43202340602874756,-0.0296158529818058,0.5409677624702454,0.3608105182647705,-0.0334358848631382
C,0.6435623168945312,0.8327435851097107,-7.533010943916452e-07,0.4972192645072937,0.7765990495681763,0.06428220868110657,0.3735728859901428,0.66549152135849,0.09747867286205292,0.2818424105644226,0.6092484593391418,0.09902123361825943,0.20860962569713593,0.5519543886184692,0.10276313126087189,0.4642940163612366,0.42163342237472534,0.19196262955665588,0.3976477086544037,0.3133150339126587,0.19980494678020477,0.3255650997161865,0.3195093870162964,0.1788308173418045,0.2672022581100464,0.34856003522872925,0.1623636782169342,0.49328482151031494,0.39258503913879395,0.13137364387512207,0.40950044989585876,0.25071296095848083,0.13346612453460693,0.3205353021621704,0.27134639024734497,0.10431072115898132,0.2638240456581116,0.34585872292518616,0.08686515688896179,0.5180608630180359,0.38358670473098755,0.06094712018966675,0.43633490800857544,0.23718035221099854,0.05963849276304245,0.33990946412086487,0.26729169487953186,0.0455361008644104,0.2800922393798828,0.33941003680229187,0.0386505164206028,0.5322933793067932,0.3924624025821686,-0.009964698925614357,0.44845229387283325,0.26485440135002136,-0.006801416631788015,0.3598652482032776,0.27231308817863464,-0.005652082618325949,0.2985372245311737,0.3219090700149536,-0.004464243538677692
D,0.4740692675113678,0.9115287661552429,-3.442171703227359e-07,0.3799917697906494,0.8446117639541626,-0.028411604464054108,0.3069494068622589,0.7131702899932861,-0.05109575390815735,0.3088477849960327,0.5899376273155212,-0.08170642703771591,0.37573230266571045,0.5361730456352234,-0.11270134150981903,0.3506690561771393,0.504816472530365,-0.016093051061034203,0.34666332602500916,0.3112420439720154,-0.05839359760284424,0.35657402873039246,0.1999332308769226,-0.08525367081165314,0.3665827214717865,0.10483697056770325,-0.10449136048555374,0.42233118414878845,0.521853506565094,-0.03169438987970352,0.391220360994339,0.452317476272583,-0.12063393741846085,0.3844422399997711,0.5852120518684387,-0.1450098603963852,0.38562315702438354,0.6920547485351562,-0.13704560697078705,0.4917062520980835,0.5467517375946045,-0.05213436111807823,0.457611083984375,0.5088724493980408,-0.13591651618480682,0.44227007031440735,0.6546139717102051,-0.12692677974700928,0.43424350023269653,0.7587062120437622,-0.09392154216766357,0.561026930809021,0.5843918919563293,-0.07501430809497833,0.5237422585487366,0.5534390807151794,-0.12562403082847595,0.4981520473957062,0.6564644575119019,-0.11195198446512222,0.4846919775009155,0.7346454858779907,-0.08513019233942032
E,0.4460832476615906,0.8135122060775757,-1.0910343917203136e-06,0.3199002146720886,0.7325586080551147,-0.014191877096891403,0.2518324851989746,0.5926257371902466,-0.010533517226576805,0.2785685360431671,0.48865529894828796,-0.015165547840297222,0.3424922525882721,0.49523764848709106,-0.00862398836761713,0.3528957664966583,0.45113423466682434,0.05042095109820366,0.32871273159980774,0.33887651562690735,0.0011775793973356485,0.32651203870773315,0.4622812271118164,-0.025117602199316025,0.3400142788887024,0.5106598138809204,-0.035766709595918655,0.41760778427124023,0.4553445279598236,0.038773465901613235,0.3922439515590668,0.3401017487049103,-0.013741363771259785,0.38184285163879395,0.4874447286128998,-0.021094899624586105,0.4018036127090454,0.514289140701294,-0.008204142563045025,0.482015997171402,0.4732154905796051,0.01451914943754673,0.4592060148715973,0.37150704860687256,-0.030301541090011597,0.4391672611236572,0.5101022124290466,-0.004951933864504099,0.4618317484855652,0.5364224314689636,0.028489625081419945,0.5569854378700256,0.5061144232749939,-0.014334132894873619,0.5305321216583252,0.42996951937675476,-0.0241099800914526,0.5024864673614502,0.5161498785018921,0.003373845247551799,0.5194001197814941,0.5392937064170837,0.030645817518234253
F,0.48508328199386597,0.9340436458587646,2.2370437591234804e-07,0.366550087928772,0.8457639813423157,-0.019826481118798256,0.29636621475219727,0.6902726888656616,-0.03592132031917572,0.26979291439056396,0.5430299043655396,-0.0626489445567131,0.3169829249382019,0.43583884835243225,-0.08200151473283768,0.3685729503631592,0.5064305067062378,0.06795433163642883,0.3597995340824127,0.38090991973876953,0.02361920475959778,0.3354278802871704,0.4087965786457062,-0.01427327748388052,0.32418587803840637,0.4642676115036011,-0.02653052657842636,0.4251970946788788,0.4818114936351776,0.055695973336696625,0.4201519191265106,0.308071494102478,0.059858862310647964,0.4104578197002411,0.2149088978767395,0.06789792329072952,0.40074247121810913,0.12226682901382446,0.07634325325489044,0.48800376057624817,0.49330753087997437,0.025082997977733612,0.4764118194580078,0.3281036615371704,0.027594810351729393,0.46370986104011536,0.228801429271698,0.0455104298889637,0.449282169342041,0.14520514011383057,0.05936410650610924,0.5515510439872742,0.5256662964820862,-0.013735438697040081,0.537058413028717,0.3885675072669983,-0.006258917972445488,0.5292721390724182,0.3144611120223999,0.01523724664002657,0.5242087841033936,0.24955320358276367,0.03326723352074623
G,0.7140004634857178,0.6937578320503235,-6.075852638787183e-07,0.5855525135993958,0.6890861392021179,0.010105550289154053,0.4812816381454468,0.655993640422821,-0.005809627007693052,0.4089492857456207,0.6363134980201721,-0.032579828053712845,0.36019203066825867,0.6213617324829102,-0.05995640158653259,0.4222411811351776,0.4797224700450897,-0.009468968957662582,0.2910868227481842,0.47848790884017944,-0.04440544173121452,0.2097158282995224,0.46251145005226135,-0.06540630757808685,0.14279583096504211,0.43962448835372925,-0.08343636989593506,0.453685998916626,0.4609459936618805,-0.04019923880696297,0.35335874557495117,0.6335679292678833,-0.09089071303606033,0.4044266939163208,0.6856021285057068,-0.09654270112514496,0.444379985332489,0.667489767074585,-0.09435967355966568,0.49262169003486633,0.48117557168006897,-0.0724186971783638,0.4200330972671509,0.6667782664299011,-0.11144621670246124,0.4776630401611328,0.6916977763175964,-0.09054578840732574,0.5131164193153381,0.6567553281784058,-0.07312912493944168,0.5338432192802429,0.520934522151947,-0.10681018233299255,0.4777713716030121,0.6690933108329773,-0.1313011795282364,0.5173747539520264,0.6994264721870422,-0.11741941422224045,0.5482260584831238,0.6789634823799133,-0.10332375019788742
H,0.7696824073791504,0.717000424861908,3.9935486029207823e-07,0.6318070888519287,0.7223213911056519,-0.012440434657037258,0.5342081189155579,0.7096847295761108,-0.046454910188913345,0.4698520600795746,0.6972067952156067,-0.09305524826049805,0.4369892477989197,0.6637290120124817,-0.13805662095546722,0.4628373682498932,0.46863722801208496,-0.04599563404917717,0.3219161033630371,0.4060906767845154,-0.10873956233263016,0.23419004678726196,0.35891276597976685,-0.1494288146495819,0.16084420680999756,0.30886077880859375,-0.1738569289445877,0.5042470693588257,0.42305630445480347,-0.07950225472450256,0.33367037773132324,0.45094776153564453,-0.15473085641860962,0.219323068857193,0.4566003382205963,-0.19542911648750305,0.12947240471839905,0.4551181495189667,-0.21396589279174805,0.561255931854248,0.4200713038444519,-0.11411895602941513,0.45941266417503357,0.6099905967712402,-0.18674777448177338,0.5020468831062317,0.7092157602310181,-0.18643377721309662,0.5519170761108398,0.7585514187812805,-0.16573666036128998,0.6184830069541931,0.45709455013275146,-0.1518896520137787,0.5311955213546753,0.6233209371566772,-0.18833084404468536,0.5246888399124146,0.7185568809509277,-0.17554503679275513,0.5331454277038574,0.7756693363189697,-0.15513953566551208
I,0.44427698850631714,0.9072914123535156,-9.524368920210691e-07,0.31600603461265564,0.8282631635665894,-0.031029703095555305,0.2494402974843979,0.6374351978302002,-0.0434686578810215,0.2871854305267334,0.4781763255596161,-0.06026878580451012,0.385356068611145,0.42927318811416626,-0.06341511756181717,0.29816293716430664,0.48619765043258667,0.020032044500112534,0.2590899169445038,0.37292736768722534,-0.026252785697579384,0.27268335223197937,0.4978548288345337,-0.04448140785098076,0.29907500743865967,0.5521043539047241,-0.04469304159283638,0.37194329500198364,0.4712110757827759,0.018165407702326775,0.3388582170009613,0.36237621307373047,-0.0451960489153862,0.3420485258102417,0.50761878490448,-0.056759320199489594,0.36162132024765015,0.5889915227890015,-0.03974587470293045,0.44486135244369507,0.47089502215385437,0.005779337603598833,0.4076569080352783,0.39875805377960205,-0.04623458534479141,0.3953773081302643,0.5374976992607117,-0.03351982310414314,0.4034540057182312,0.6322541832923889,-0.0005178930587135255,0.5187331438064575,0.47525906562805176,-0.010981527157127857,0.5199725031852722,0.33780980110168457,-0.021104129031300545,0.5138826370239258,0.25011858344078064,-0.012266987934708595,0.5068995952606201,0.16572853922843933,0.003145454451441765
J,0.5463117957115173,0.724693775177002,-4.969149927092076e-07,0.45830583572387695,0.6694058179855347,-0.04700368642807007,0.3731265664100647,0.6187039613723755,-0.08012475073337555,0.31385624408721924,0.590849757194519,-0.10549759864807129,0.32763558626174927,0.5666754245758057,-0.12108814716339111,0.41863083839416504,0.4402773976325989,-0.05947344750165939,0.3580913543701172,0.594190239906311,-0.10319654643535614,0.38013607263565063,0.6424271464347839,-0.12441295385360718,0.40342196822166443,0.6075196266174316,-0.13826492428779602,0.485956072807312,0.45819565653800964,-0.059101492166519165,0.41453123092651367,0.6545159220695496,-0.0973159447312355,0.4344758689403534,0.6802159547805786,-0.10019554197788239,0.45033034682273865,0.6215699911117554,-0.09994561225175858,0.5476384162902832,0.509933590888977,-0.06484328210353851,0.4733715057373047,0.6929665803909302,-0.09723146259784698,0.4843161106109619,0.7073255777359009,-0.07895708829164505,0.49885717034339905,0.6628941297531128,-0.06318418681621552,0.5958148241043091,0.5755011439323425,-0.07685708999633789,0.5294989943504333,0.7150068283081055,-0.10180938988924026,0.5349462032318115,0.7209343910217285,-0.09621132165193558,0.5495319366455078,0.6785248517990112,-0.0865657776594162
K,0.43536826968193054,0.7582107782363892,5.006309038435575e-07,0.3639947175979614,0.672723650932312,-0.01596318930387497,0.35992443561553955,0.5137633681297302,-0.016804058104753494,0.40221166610717773,0.3966134488582611,-0.021557757630944252,0.43406206369400024,0.31189969182014465,-0.024817757308483124,0.3853277266025543,0.4669991135597229,0.002501025563105941,0.3614639639854431,0.3326718807220459,-0.018438374623656273,0.34456968307495117,0.24600261449813843,-0.02880602888762951,0.3340948522090912,0.17048370838165283,-0.034501973539590836,0.4413025677204132,0.46528416872024536,-0.006957170087844133,0.4328146278858185,0.33365392684936523,-0.040469251573085785,0.4281263053417206,0.23992207646369934,-0.06317207217216492,0.4289253056049347,0.158421128988266,-0.07236538827419281,0.4953621029853821,0.4866880178451538,-0.019175469875335693,0.4444747865200043,0.44584375619888306,-0.0686325877904892,0.41559118032455444,0.5531177520751953,-0.06665518134832382,0.4048662483692169,0.63397616147995,-0.04815726354718208,0.5449158549308777,0.517651379108429,-0.03262920677661896,0.48279839754104614,0.4904080629348755,-0.06796998530626297,0.4508904814720154,0.5762122273445129,-0.05672238767147064,0.44022008776664734,0.6428175568580627,-0.03765499219298363
L,0.5800387263298035,0.7208261489868164,-1.5522887508723215e-07,0.477868914604187,0.6987274885177612,-0.04969023913145065,0.3640080392360687,0.6317031383514404,-0.08263249695301056,0.2638115882873535,0.5856883525848389,-0.11717014014720917,0.18414849042892456,0.5555850863456726,-0.150838702917099,0.3866506814956665,0.41942375898361206,-0.04083750769495964,0.3361051678657532,0.25546640157699585,-0.08834898471832275,0.3127615451812744,0.15472513437271118,-0.11573851108551025,0.2946975529193878,0.065909743309021,-0.1351279616355896,0.45070385932922363,0.406363844871521,-0.04672112688422203,0.4143954813480377,0.33486586809158325,-0.13894249498844147,0.44069209694862366,0.4619751274585724,-0.15936268866062164,0.4676482677459717,0.5488219857215881,-0.1499728262424469,0.5186126232147217,0.411327064037323,-0.059543684124946594,0.4981153607368469,0.36905694007873535,-0.14911089837551117,0.5114855766296387,0.5014082193374634,-0.13793469965457916,0.5235399007797241,0.5824219584465027,-0.10481390357017517,0.5890992879867554,0.42628583312034607,-0.07568047195672989,0.5623409748077393,0.38684412837028503,-0.13176454603672028,0.5580844283103943,0.48970961570739746,-0.11975623667240143,0.5604444146156311,0.557645320892334,-0.09583730250597
M,0.5407274961471558,0.7817292809486389,-1.0024220955529017e-06,0.44092679023742676,0.6960690021514893,-0.017216192558407784,0.4088534712791443,0.5524285435676575,-0.02543148584663868,0.45603588223457336,0.4520150423049927,-0.04144389554858208,0.5003536343574524,0.3817996084690094,-0.054168447852134705,0.4435899257659912,0.44983333349227905,0.024164356291294098,0.4075154662132263,0.36687326431274414,-0.028134839609265327,0.40866339206695557,0.4660937190055847,-0.0648435652256012,0.41816285252571106,0.55378258228302,-0.07989639788866043,0.503991961479187,0.44478654861450195,0.0110836923122406,0.4620133936405182,0.3573989272117615,-0.04588394612073898,0.4582090675830841,0.4771634638309479,-0.069209523499012,0.46496888995170593,0.5758235454559326,-0.06770901381969452,0.5670999884605408,0.45853716135025024,-0.011533115059137344,0.5255679488182068,0.37737035751342773,-0.06596291810274124,0.5164380669593811,0.5111573934555054,-0.060499656945466995,0.51749187707901,0.6114283204078674,-0.038648054003715515,0.6321417093276978,0.4883083701133728,-0.03673660382628441,0.5841978192329407,0.4384617805480957,-0.07125616818666458,0.5642402172088623,0.532675564289093,-0.06023688614368439,0.5609466433525085,0.6036124229431152,-0.040292274206876755
N,0.5428878664970398,0.7351824045181274,-6.382283572747838e-07,0.44902706146240234,0.6649386882781982,-0.015885004773736,0.41584959626197815,0.5224553346633911,-0.0246505718678236,0.4521067440509796,0.41721028089523315,-0.03976675868034363,0.49213898181915283,0.34925150871276855,-0.052122753113508224,0.4508898854255676,0.45107772946357727,0.006438738200813532,0.43637362122535706,0.3592655658721924,-0.05089467018842697,0.43935656547546387,0.4441910982131958,-0.08556558936834335,0.45378389954566956,0.5288087129592896,-0.09703002125024796,0.5041229724884033,0.4419974982738495,-0.008251064456999302,0.4885892868041992,0.296375036239624,-0.07280191034078598,0.47612297534942627,0.3665026128292084,-0.09869769960641861,0.4803631007671356,0.45371079444885254,-0.09550786763429642,0.5585187673568726,0.4529291093349457,-0.029689939692616463,0.5294087529182434,0.3843849003314972,-0.09116023033857346,0.5137152671813965,0.5077843070030212,-0.08796253800392151,0.5125672221183777,0.5949625372886658,-0.06387586146593094,0.6141822338104248,0.4776706099510193,-0.05233331397175789,0.5669578313827515,0.4439299404621124,-0.08562050014734268,0.5519651770591736,0.536457896232605,-0.0705660730600357,0.5554594397544861,0.5977447628974915,-0.04692435264587402
O,0.613608717918396,0.6921272873878479,-9.84102371148765e-07,0.5033988952636719,0.6148247122764587,0.011946340091526508,0.4315681457519531,0.5301831364631653,-0.0009177543106488883,0.3664918541908264,0.4839879870414734,-0.024529941380023956,0.32855719327926636,0.4337642192840576,-0.04668509215116501,0.5711132287979126,0.32295548915863037,0.022823723033070564,0.45421817898750305,0.26465940475463867,-0.009570231661200523,0.3857744038105011,0.3100588023662567,-0.043310340493917465,0.3454161286354065,0.3680722415447235,-0.06441216915845871,0.5841865539550781,0.3285534381866455,-0.0033404880668967962,0.435185968875885,0.25297293066978455,-0.03116788901388645,0.36982446908950806,0.3171215057373047,-0.05796201527118683,0.34354597330093384,0.3811262249946594,-0.07668783515691757,0.5809042453765869,0.3538488447666168,-0.03203370049595833,0.44779425859451294,0.27260535955429077,-0.05682164430618286,0.37603235244750977,0.3282501697540283,-0.06799867749214172,0.3427097201347351,0.3920568525791168,-0.07385876774787903,0.5547797679901123,0.39735692739486694,-0.06032361462712288,0.4519636034965515,0.32170215249061584,-0.07969466596841812,0.39448294043540955,0.3463445007801056,-0.08195081353187561,0.3610362708568573,0.3896968960762024,-0.08048740029335022
P,0.5544795393943787,0.7813140153884888,-2.3887267275313206e-07,0.5182751417160034,0.6175161004066467,0.006602976471185684,0.45138174295425415,0.4844980239868164,-0.0011667566141113639,0.37970075011253357,0.38513487577438354,-0.010527010075747967,0.36149272322654724,0.2782961130142212,-0.0230273324996233,0.31611624360084534,0.5181796550750732,-0.002262855414301157,0.2667520046234131,0.5898441672325134,0.005838918965309858,0.31076690554618835,0.6209344863891602,0.0033184015192091465,0.34991705417633057,0.6184566617012024,-0.0010072566801682115,0.29205846786499023,0.616565465927124,-0.00857792142778635,0.26401036977767944,0.6724825501441956,0.009983436204493046,0.3065274953842163,0.6971018314361572,0.008750100620090961,0.34879177808761597,0.6946073174476624,0.001515913289040327,0.28900057077407837,0.7218325734138489,-0.010268233716487885,0.2660536766052246,0.7532910108566284,0.009239016100764275,0.30372095108032227,0.7737783193588257,0.016786236315965652,0.34487247467041016,0.7710343599319458,0.014527296647429466,0.2946213185787201,0.8217859268188477,-0.011373573914170265,0.26694080233573914,0.8272932767868042,0.005594640038907528,0.3043278753757477,0.8401991128921509,0.024276185780763626,0.33802562952041626,0.8379727005958557,0.0375715009868145
Q,0.6710937023162842,0.703679084777832,-1.2943347371674463e-07,0.6585913896560669,0.5525161027908325,0.012434188276529312,0.5903069376945496,0.39924776554107666,-0.005652612540870905,0.5206667184829712,0.2761296033859253,-0.027930382639169693,0.5081954002380371,0.1582111120223999,-0.05471201241016388,0.46319150924682617,0.392598032951355,-0.04081057757139206,0.2902236580848694,0.41058245301246643,-0.07164570689201355,0.18749326467514038,0.4261849522590637,-0.09236647933721542,0.11441478133201599,0.4384739100933075,-0.10331766307353973,0.4336261749267578,0.48623865842819214,-0.051602885127067566,0.3587939739227295,0.5521772503852844,-0.07831041514873505,0.41504305601119995,0.5692552328109741,-0.07153423875570297,0.48002344369888306,0.5627826452255249,-0.060672421008348465,0.4205104112625122,0.6017213463783264,-0.058240681886672974,0.3752632737159729,0.6466624736785889,-0.08197623491287231,0.42127060890197754,0.6735355257987976,-0.07089053839445114,0.47755154967308044,0.6673266887664795,-0.05817141756415367,0.4100326597690582,0.7054966688156128,-0.061149872839450836,0.39090389013290405,0.7138166427612305,-0.05990311875939369,0.4439263641834259,0.7389170527458191,-0.037874020636081696,0.4919392764568329,0.7380722761154175,-0.018531525507569313
R,0.47447943687438965,0.8466905355453491,1.056143332789361e-06,0.40210986137390137,0.809886634349823,-0.031514979898929596,0.3442572355270386,0.7435552477836609,-0.05988754332065582,0.3682416081428528,0.6963418126106262,-0.09190395474433899,0.425333172082901,0.6621867418289185,-0.12322421371936798,0.35888686776161194,0.5463858246803284,-0.05321523919701576,0.3570687174797058,0.4034546911716461,-0.1023608148097992,0.36337780952453613,0.3101402521133423,-0.13212335109710693,0.3719039857387543,0.23029443621635437,-0.1481027454137802,0.4152878522872925,0.5382968187332153,-0.06856349110603333,0.38574180006980896,0.3835499882698059,-0.1176426112651825,0.366330087184906,0.28093549609184265,-0.14484530687332153,0.35049504041671753,0.19298416376113892,-0.15567979216575623,0.4735715389251709,0.5581125617027283,-0.0866449624300003,0.45146486163139343,0.567729651927948,-0.1433529555797577,0.43650758266448975,0.666458010673523,-0.15177567303180695,0.42630118131637573,0.7375599145889282,-0.14064732193946838,0.5222325921058655,0.6009100079536438,-0.10800784826278687,0.4871319830417633,0.6608000993728638,-0.14383719861507416,0.45711976289749146,0.7439806461334229,-0.14054472744464874,0.43674835562705994,0.7985157370567322,-0.12829041481018066
S,0.7110693454742432,0.6956297159194946,6.432573513848183e-07,0.6660966873168945,0.5430563688278198,-0.0037794774398207664,0.5929045677185059,0.41518110036849976,-0.022414108738303185,0.5320404767990112,0.30295753479003906,-0.04466136172413826,0.5098228454589844,0.19532114267349243,-0.06974399834871292,0.4820711314678192,0.45210176706314087,-0.050612594932317734,0.320208877325058,0.46380043029785156,-0.07497435808181763,0.23687666654586792,0.4682427644729614,-0.08531364798545837,0.1664542257785797,0.46396690607070923,-0.08929792046546936,0.4638252854347229,0.5379140973091125,-0.06289678066968918,0.3009648621082306,0.5516493320465088,-0.08557034283876419,0.2047709822654724,0.5508328676223755,-0.09475888311862946,0.13777166604995728,0.5458667278289795,-0.09858731180429459,0.4696052670478821,0.6348269581794739,-0.07101819664239883,0.4007575213909149,0.678003191947937,-0.08864390105009079,0.44869375228881836,0.6855283379554749,-0.0778561383485794,0.49915429949760437,0.6763899326324463,-0.0625951886177063,0.48251739144325256,0.7269210815429688,-0.0795719251036644,0.43610167503356934,0.7436115145683289,-0.07947822660207748,0.4794297516345978,0.7510308623313904,-0.05795246362686157,0.5200269818305969,0.7427709102630615,-0.037424150854349136
T,0.7267482280731201,0.6889013648033142,-1.436307250912705e-08,0.6856963634490967,0.5188561677932739,0.026898274198174477,0.6125624179840088,0.400920569896698,0.03030010685324669,0.5461859107017517,0.29745838046073914,0.02728196606040001,0.5267631411552429,0.20393669605255127,0.02421107143163681,0.5014846920967102,0.4167851209640503,-0.004788514692336321,0.3539803624153137,0.42057111859321594,-0.015570897608995438,0.348131000995636,0.4483069181442261,-0.014904098585247993,0.37327951192855835,0.4556279182434082,-0.010871854610741138,0.4760580062866211,0.49902400374412537,-0.026545139029622078,0.31107431650161743,0.49450671672821045,-0.03876466676592827,0.2183746099472046,0.4906001687049866,-0.042604897171258926,0.14932334423065186,0.47975844144821167,-0.04530655965209007,0.470119446516037,0.5934507846832275,-0.04463731870055199,0.33136695623397827,0.5901663899421692,-0.05228583142161369,0.25064441561698914,0.5820573568344116,-0.05147286504507065,0.1859913170337677,0.5664529204368591,-0.051457230001688004,0.4837280213832855,0.6865978837013245,-0.05933183804154396,0.37251830101013184,0.6630129814147949,-0.05898745730519295,0.31304624676704407,0.6533774137496948,-0.04821716994047165,0.26399874687194824,0.6374435424804688,-0.040108948945999146
U,0.43821388483047485,1.084410309791565,8.513750344718574e-07,0.3674719035625458,1.0187623500823975,-0.027956072241067886,0.3255120515823364,0.8918910026550293,-0.045096468180418015,0.3515370786190033,0.7865678668022156,-0.07107152044773102,0.4153616726398468,0.7417033910751343,-0.0959516242146492,0.3518616557121277,0.7142320275306702,-0.009998183697462082,0.34334462881088257,0.5465430021286011,-0.046502016484737396,0.3511427342891693,0.44910138845443726,-0.07127133011817932,0.36436784267425537,0.3608722686767578,-0.08659984916448593,0.40378761291503906,0.7093174457550049,-0.02715287357568741,0.38820749521255493,0.5222118496894836,-0.07032010704278946,0.38612526655197144,0.41562309861183167,-0.09695182740688324,0.39219486713409424,0.32559457421302795,-0.10885905474424362,0.4580071270465851,0.7353646159172058,-0.04979758337140083,0.4398508071899414,0.6142014265060425,-0.1123068779706955,0.4222804009914398,0.7271538376808167,-0.11280515789985657,0.41998225450515747,0.8199820518493652,-0.09234301000833511,0.5084809064865112,0.7869348526000977,-0.07541529834270477,0.48531436920166016,0.6886072754859924,-0.11665001511573792,0.45487120747566223,0.7544156908988953,-0.10559751093387604,0.4375509023666382,0.825644314289093,-0.08619042485952377
V,0.3989863395690918,1.0211501121520996,1.1127804100397043e-06,0.3394632339477539,0.9452592134475708,-0.04471684992313385,0.3221554160118103,0.8357330560684204,-0.07223879545927048,0.39254823327064514,0.7759325504302979,-0.1015729010105133,0.45678213238716125,0.7402148842811584,-0.12806855142116547,0.33981311321258545,0.6418251991271973,-0.04345178231596947,0.30022093653678894,0.48205122351646423,-0.08474168926477432,0.2784915566444397,0.38177260756492615,-0.10850364714860916,0.26215723156929016,0.29581716656684875,-0.12267296761274338,0.4113713800907135,0.6443841457366943,-0.05377161502838135,0.437200129032135,0.4726659953594208,-0.09749790281057358,0.45710283517837524,0.3561621904373169,-0.12443701177835464,0.47625792026519775,0.25988519191741943,-0.13548216223716736,0.46739742159843445,0.6969761848449707,-0.06978452950716019,0.46630674600601196,0.6643033623695374,-0.12735648453235626,0.4349604547023773,0.7552543878555298,-0.13572342693805695,0.41861599683761597,0.8135929703712463,-0.12297811359167099,0.5113528966903687,0.7738230228424072,-0.08983200788497925,0.4996641278266907,0.7585942149162292,-0.12899067997932434,0.4624965488910675,0.8213156461715698,-0.12255480140447617,0.4405827522277832,0.8654264211654663,-0.1067548617720604
W,0.40492865443229675,0.9460311532020569,4.905727450932318e-07,0.34609276056289673,0.8748996257781982,-0.038695238530635834,0.3280339241027832,0.7425310611724854,-0.04504963383078575,0.4016040563583374,0.667110025882721,-0.04880629852414131,0.47274839878082275,0.6390060186386108,-0.05502951145172119,0.3239494562149048,0.5572534799575806,-0.007268670946359634,0.28289008140563965,0.4130709171295166,-0.021269647404551506,0.26396843791007996,0.3202022314071655,-0.03761451691389084,0.2461659163236618,0.24197149276733398,-0.05327964574098587,0.38746947050094604,0.5494252443313599,-0.015393353998661041,0.3850855529308319,0.3857187330722809,-0.020212620496749878,0.38424766063690186,0.28603246808052063,-0.036697741597890854,0.3820957541465759,0.20862171053886414,-0.051444243639707565,0.4420677423477173,0.5873210430145264,-0.031547755002975464,0.4675079584121704,0.4507279396057129,-0.055748194456100464,0.47327470779418945,0.3595566749572754,-0.08983428031206131,0.4825064539909363,0.2773084342479706,-0.11677947640419006,0.4877636432647705,0.6577661037445068,-0.0511300303041935,0.4734930694103241,0.6079012751579285,-0.08748620748519897,0.4471614956855774,0.6633245944976807,-0.0986621081829071,0.4339754283428192,0.7178268432617188,-0.10653896629810333
X,0.5393471121788025,0.9379092454910278,-8.48542242692929e-07,0.4127855896949768,0.8273639678955078,0.008238249458372593,0.3438510596752167,0.7025569081306458,-0.01721183769404888,0.29570966958999634,0.6123241186141968,-0.05662116780877113,0.26345953345298767,0.5419695377349854,-0.09200288355350494,0.4565602242946625,0.4535692632198334,0.0034288831520825624,0.4169170558452606,0.2893896698951721,-0.04262259975075722,0.34024038910865784,0.24253219366073608,-0.0656893402338028,0.27746039628982544,0.24843135476112366,-0.0767594501376152,0.4831421375274658,0.47358155250549316,-0.02936456725001335,0.3095359802246094,0.532723605632782,-0.07788249850273132,0.31991803646087646,0.632185161113739,-0.07825706899166107,0.3671848177909851,0.6488316059112549,-0.07262304425239563,0.48606765270233154,0.53062504529953,-0.06702671945095062,0.3199666142463684,0.6185542345046997,-0.1010083258152008,0.34708452224731445,0.7001920342445374,-0.07319528609514236,0.39084723591804504,0.698399007320404,-0.05347089841961861,0.47170671820640564,0.5998841524124146,-0.1079007014632225,0.3466319441795349,0.674946665763855,-0.12931270897388458,0.3654576241970062,0.7406678199768066,-0.11098938435316086,0.4029540419578552,0.7470605969429016,-0.09264283627271652
Y,0.4004315733909607,0.8289167284965515,-8.726041187401279e-07,0.3086395561695099,0.7600918412208557,-0.028097003698349,0.2589030861854553,0.6146261096000671,-0.03782094642519951,0.23467500507831573,0.5119944214820862,-0.05155899375677109,0.19792824983596802,0.4492947459220886,-0.05797925218939781,0.3573628067970276,0.5221197605133057,0.00354691781103611,0.3573119044303894,0.42144641280174255,-0.040203843265771866,0.3478390574455261,0.5056880116462708,-0.059463631361722946,0.3431132733821869,0.5735582113265991,-0.05944971367716789,0.40860018134117126,0.5361605286598206,0.001381484791636467,0.4095882177352905,0.4622238874435425,-0.05924372002482414,0.38711947202682495,0.5642672181129456,-0.08288122713565826,0.37386906147003174,0.6340529322624207,-0.07929664105176926,0.4558529555797577,0.5566583275794983,-0.008777201175689697,0.44781824946403503,0.5141699910163879,-0.06475690007209778,0.40397971868515015,0.6146025061607361,-0.0718926414847374,0.3736304044723511,0.6813850998878479,-0.05430430918931961,0.5027609467506409,0.5767180919647217,-0.020503273233771324,0.5132055282592773,0.462348610162735,-0.046570777893066406,0.5153263807296753,0.383870929479599,-0.05029652267694473,0.5153025388717651,0.3077302873134613,-0.0424954779446125
Z,0.40601858496665955,0.8507357835769653,5.175830892767408e-07,0.3151782155036926,0.7790707349777222,-0.032306037843227386,0.2520778179168701,0.645527720451355,-0.046257805079221725,0.20687158405780792,0.5442184209823608,-0.05941150709986687,0.1492115557193756,0.4846014976501465,-0.07355783879756927,0.3454744219779968,0.4705522060394287,-0.017460579052567482,0.32412418723106384,0.33006811141967773,-0.0432279072701931,0.30794617533683777,0.23935511708259583,-0.06777670234441757,0.29592159390449524,0.15912863612174988,-0.0880594551563263,0.4102430045604706,0.46831125020980835,-0.026722438633441925,0.41655147075653076,0.3184010982513428,-0.04730292409658432,0.4184468984603882,0.22054827213287354,-0.07031732052564621,0.41759365797042847,0.13638541102409363,-0.08955986052751541,0.46668803691864014,0.5019456744194031,-0.042257338762283325,0.49775201082229614,0.3749241828918457,-0.06725043058395386,0.5109972953796387,0.28948235511779785,-0.08596235513687134,0.515993058681488,0.211453378200531,-0.10112122446298599,0.5144379138946533,0.5621801614761353,-0.061467643827199936,0.5585988759994507,0.47259366512298584,-0.08332376927137375,0.5822526216506958,0.40872693061828613,-0.0922461599111557,0.5981301665306091,0.34532812237739563,-0.1002061665058136
